critere_en;critere;partie_en;partie;groupe;ordre_affiche;moyenne;mediane;ecart_type;n;rang
Difficulty;Difficulté à s'en passer;Total paralysis;Motricité globale;Fonctions & sens;1;96,225;100,0;9,068082939912284;40;1
Difficulty;Difficulté à s'en passer;Imbecility or total mental deficiency;Capacités mentales;Fonctions & sens;2;95,15;100,0;12,177217062392186;40;2
Difficulty;Difficulté à s'en passer;The sight of both eyes;Vue des 2 yeux;Fonctions & sens;3;93,0;99,5;12,127527492317759;40;3
Difficulty;Difficulté à s'en passer;Both arms;Les 2 bras;Bras & mains;4;92,375;96,5;10,361881573516932;40;4
Difficulty;Difficulté à s'en passer;Both legs;Les 2 jambes;Jambes & pieds;5;90,875;98,0;15,798713839245236;40;5
Difficulty;Difficulté à s'en passer;Both hands;Les 2 mains;Bras & mains;6;87,7;92,5;16,588843949767675;40;6
Difficulty;Difficulté à s'en passer;The ability to speak and chew;Parole et mastication;Fonctions & sens;7;85,525;90,0;18,407060378965234;40;7
Difficulty;Difficulté à s'en passer;Both feet;Les 2 pieds;Jambes & pieds;8;85,4;90,5;16,510757953683658;40;8
Difficulty;Difficulté à s'en passer;The hearing in both ears;Ouïe des 2 oreilles;Fonctions & sens;9;84,975;90,0;15,891438591670061;40;9
Difficulty;Difficulté à s'en passer;All ten fingers;Les 10 doigts;Bras & mains;10;82,75;87,0;17,58313585987058;40;10
Difficulty;Difficulté à s'en passer;One leg;Jambe;Jambes & pieds;12;76,825;75,5;18,260069227829565;40;11
Difficulty;Difficulté à s'en passer;One arm;Bras;Bras & mains;11;76,525;78,5;18,17999393528995;40;12
Difficulty;Difficulté à s'en passer;Total disfigurement of face;Visage;Visage, dents & intimité;13;75,325;90,0;29,83835726213097;40;13
Difficulty;Difficulté à s'en passer;One hand;Main;Bras & mains;14;70,425;70,0;19,17515419655181;40;14
Difficulty;Difficulté à s'en passer;Thumb;Pouce;Bras & mains;15;64,85;66,0;23,010086974283745;40;15
Difficulty;Difficulté à s'en passer;The nose;Nez;Visage, dents & intimité;17;64,4;70,5;32,023869302884144;40;16
Difficulty;Difficulté à s'en passer;One foot;Pied;Jambes & pieds;16;64,35;67,5;23,065736604934276;40;17
Difficulty;Difficulté à s'en passer;All ten toes;Les 10 orteils;Jambes & pieds;18;63,5;59,0;25,11716136174219;40;18
Difficulty;Difficulté à s'en passer;The sight of one eye;Vue d'un œil;Fonctions & sens;20;63,425;60,5;25,48492515697094;40;19
Difficulty;Difficulté à s'en passer;Genitals;Parties génitales;Visage, dents & intimité;19;63,35;71,5;31,14115917675183;40;20
Difficulty;Difficulté à s'en passer;Index finger;Index;Bras & mains;21;54,55;52,5;26,567717059310716;40;21
Difficulty;Difficulté à s'en passer;The hearing in one ear;Ouïe d'une oreille;Fonctions & sens;22;51,75;44,0;24,120158608144585;40;22
Difficulty;Difficulté à s'en passer;Middle finger;Majeur;Bras & mains;23;44,075;42,5;24,453396282389686;40;23
Difficulty;Difficulté à s'en passer;Big toe;Gros orteil;Jambes & pieds;24;40,6;36,0;29,402424459601356;40;24
Difficulty;Difficulté à s'en passer;Ring finger;Annulaire;Bras & mains;25;38,6;36,0;22,962399588714476;40;25
Difficulty;Difficulté à s'en passer;Little finger;Auriculaire;Bras & mains;26;34,825;30,0;23,603441187619993;40;26
Difficulty;Difficulté à s'en passer;Second toe;2e orteil;Jambes & pieds;27;29,9;19,0;26,05693962391022;40;27
Difficulty;Difficulté à s'en passer;Third toe;3e orteil;Jambes & pieds;28;24,7;14,5;24,496153544210536;40;28
Difficulty;Difficulté à s'en passer;Fourth toe;4e orteil;Jambes & pieds;30;23,6;14,5;24,97773367395808;40;29
Difficulty;Difficulté à s'en passer;One front tooth;Incisive;Visage, dents & intimité;29;22,95;13,0;25,84167772595865;40;30
Difficulty;Difficulté à s'en passer;Fifth or little toe;Petit orteil;Jambes & pieds;31;20,95;11,0;21,95210404027076;40;31
Difficulty;Difficulté à s'en passer;One canine tooth;Canine;Visage, dents & intimité;32;19,925;13,5;22,569990854661132;40;32
Difficulty;Difficulté à s'en passer;One molar tooth;Molaire;Visage, dents & intimité;33;16,15;5,0;23,689822546986125;40;33
Difficulty;Difficulté à s'en passer;One big toenail;Ongle de pied;Jambes & pieds;34;12,975;2,0;22,54168503245851;40;34
Difficulty;Difficulté à s'en passer;One fingernail;Ongle de main;Bras & mains;35;12,175;3,5;21,981212840712814;40;35
My Anger;Colère si on en perd l'usage;Both legs;Les 2 jambes;Jambes & pieds;5;94,28571428571429;100,0;11,440803558435821;42;1
My Anger;Colère si on en perd l'usage;The sight of both eyes;Vue des 2 yeux;Fonctions & sens;3;92,64285714285714;100,0;13,903537764516553;42;2
My Anger;Colère si on en perd l'usage;All ten fingers;Les 10 doigts;Bras & mains;10;92,54761904761905;100,0;14,51694112265572;42;3
My Anger;Colère si on en perd l'usage;Imbecility or total mental deficiency;Capacités mentales;Fonctions & sens;2;92,16666666666667;100,0;14,492919493571835;42;4
My Anger;Colère si on en perd l'usage;Total paralysis;Motricité globale;Fonctions & sens;1;92,04761904761905;100,0;15,499728370479684;42;5
My Anger;Colère si on en perd l'usage;Both hands;Les 2 mains;Bras & mains;6;92,02380952380952;100,0;13,927491842970316;42;6
My Anger;Colère si on en perd l'usage;One leg;Jambe;Jambes & pieds;12;91,97619047619048;100,0;13,0149784165148;42;7
My Anger;Colère si on en perd l'usage;Genitals;Parties génitales;Visage, dents & intimité;19;91,69047619047619;100,0;15,213101053702069;42;8
My Anger;Colère si on en perd l'usage;Both arms;Les 2 bras;Bras & mains;4;91,33333333333333;100,0;14,910573538668205;42;9
My Anger;Colère si on en perd l'usage;The hearing in both ears;Ouïe des 2 oreilles;Fonctions & sens;9;91,11904761904762;100,0;16,403750881224905;42;10
My Anger;Colère si on en perd l'usage;Total disfigurement of face;Visage;Visage, dents & intimité;13;90,85714285714286;100,0;16,14503084252004;42;11
My Anger;Colère si on en perd l'usage;The ability to speak and chew;Parole et mastication;Fonctions & sens;7;90,4047619047619;100,0;16,905850515405756;42;12
My Anger;Colère si on en perd l'usage;The nose;Nez;Visage, dents & intimité;17;90,4047619047619;100,0;15,387767590048355;42;13
My Anger;Colère si on en perd l'usage;One arm;Bras;Bras & mains;11;90,02380952380952;100,0;15,77198519023153;42;14
My Anger;Colère si on en perd l'usage;One hand;Main;Bras & mains;14;89,95238095238095;100,0;15,620424998047534;42;15
My Anger;Colère si on en perd l'usage;All ten toes;Les 10 orteils;Jambes & pieds;18;89,85714285714286;100,0;16,38942465183322;42;16
My Anger;Colère si on en perd l'usage;Thumb;Pouce;Bras & mains;15;89,26190476190476;95,5;14,786380555833398;42;17
My Anger;Colère si on en perd l'usage;Both feet;Les 2 pieds;Jambes & pieds;8;89,07142857142857;100,0;18,886558463424045;42;18
My Anger;Colère si on en perd l'usage;One foot;Pied;Jambes & pieds;16;88,95238095238095;96,5;15,08181327804368;42;19
My Anger;Colère si on en perd l'usage;Index finger;Index;Bras & mains;21;88,28571428571429;95,0;14,847658457564071;42;20
My Anger;Colère si on en perd l'usage;Middle finger;Majeur;Bras & mains;23;87,9047619047619;97,0;16,186127037636684;42;21
My Anger;Colère si on en perd l'usage;The sight of one eye;Vue d'un œil;Fonctions & sens;20;87,52380952380952;100,0;19,116125353957056;42;22
My Anger;Colère si on en perd l'usage;Little finger;Auriculaire;Bras & mains;26;86,83333333333333;92,5;17,915678740015604;42;23
My Anger;Colère si on en perd l'usage;Ring finger;Annulaire;Bras & mains;25;86,76190476190476;94,5;18,0781629810995;42;24
My Anger;Colère si on en perd l'usage;The hearing in one ear;Ouïe d'une oreille;Fonctions & sens;22;86,66666666666667;92,0;16,046679873399032;42;25
My Anger;Colère si on en perd l'usage;Big toe;Gros orteil;Jambes & pieds;24;81,47619047619048;89,0;19,00094746705439;42;26
My Anger;Colère si on en perd l'usage;Second toe;2e orteil;Jambes & pieds;27;81,28571428571429;88,5;21,468395050928184;42;27
My Anger;Colère si on en perd l'usage;One front tooth;Incisive;Visage, dents & intimité;29;80,28571428571429;82,5;19,582577764849457;42;28
My Anger;Colère si on en perd l'usage;Fifth or little toe;Petit orteil;Jambes & pieds;31;79,5;86,5;23,397154298510163;42;29
My Anger;Colère si on en perd l'usage;One canine tooth;Canine;Visage, dents & intimité;32;78,02380952380952;83,5;23,33372739006894;42;30
My Anger;Colère si on en perd l'usage;Third toe;3e orteil;Jambes & pieds;28;77,28571428571429;88,5;26,22908989641892;42;31
My Anger;Colère si on en perd l'usage;Fourth toe;4e orteil;Jambes & pieds;30;77,19047619047619;90,0;27,904224783056094;42;32
My Anger;Colère si on en perd l'usage;One molar tooth;Molaire;Visage, dents & intimité;33;72,61904761904762;80,0;25,754897598133837;42;33
My Anger;Colère si on en perd l'usage;One big toenail;Ongle de pied;Jambes & pieds;34;60,833333333333336;60,0;29,596404417961732;42;34
My Anger;Colère si on en perd l'usage;One fingernail;Ongle de main;Bras & mains;35;59,76190476190476;60,0;30,226631387964474;42;35
My Gratitude;Gratitude si on en retrouve l'usage;The ability to speak and chew;Parole et mastication;Fonctions & sens;7;94,8048780487805;100,0;12,139232908621373;41;1
My Gratitude;Gratitude si on en retrouve l'usage;Imbecility or total mental deficiency;Capacités mentales;Fonctions & sens;2;93,92682926829268;100,0;14,00426764222685;41;2
My Gratitude;Gratitude si on en retrouve l'usage;Both hands;Les 2 mains;Bras & mains;6;93,8780487804878;100,0;14,26393199989263;41;3
My Gratitude;Gratitude si on en retrouve l'usage;The sight of both eyes;Vue des 2 yeux;Fonctions & sens;3;93,7560975609756;100,0;16,87569330102452;41;4
My Gratitude;Gratitude si on en retrouve l'usage;Total paralysis;Motricité globale;Fonctions & sens;1;93,63414634146342;100,0;16,557107382572863;41;5
My Gratitude;Gratitude si on en retrouve l'usage;Total disfigurement of face;Visage;Visage, dents & intimité;13;93,41463414634147;100,0;13,811183167556822;41;6
My Gratitude;Gratitude si on en retrouve l'usage;Both legs;Les 2 jambes;Jambes & pieds;5;92,53658536585365;100,0;14,924974976487581;41;7
My Gratitude;Gratitude si on en retrouve l'usage;One hand;Main;Bras & mains;14;92,36585365853658;100,0;14,742381248565266;41;8
My Gratitude;Gratitude si on en retrouve l'usage;Both arms;Les 2 bras;Bras & mains;4;92,29268292682927;100,0;17,558821006034297;41;9
My Gratitude;Gratitude si on en retrouve l'usage;All ten fingers;Les 10 doigts;Bras & mains;10;91,85365853658537;100,0;17,557848637589053;41;10
My Gratitude;Gratitude si on en retrouve l'usage;The hearing in both ears;Ouïe des 2 oreilles;Fonctions & sens;9;91,51219512195122;100,0;19,823120278124115;41;11
My Gratitude;Gratitude si on en retrouve l'usage;One leg;Jambe;Jambes & pieds;12;91,48780487804878;100,0;16,232870897071027;41;12
My Gratitude;Gratitude si on en retrouve l'usage;One foot;Pied;Jambes & pieds;16;90,65853658536585;100,0;21,49024168791217;41;13
My Gratitude;Gratitude si on en retrouve l'usage;Thumb;Pouce;Bras & mains;15;90,39024390243902;100,0;19,196194998984158;41;14
My Gratitude;Gratitude si on en retrouve l'usage;Both feet;Les 2 pieds;Jambes & pieds;8;90,2439024390244;100,0;21,88010567593868;41;15
My Gratitude;Gratitude si on en retrouve l'usage;One arm;Bras;Bras & mains;11;90,04878048780488;100,0;20,823005570176694;41;16
My Gratitude;Gratitude si on en retrouve l'usage;The nose;Nez;Visage, dents & intimité;17;89,78048780487805;100,0;20,488426239125772;41;17
My Gratitude;Gratitude si on en retrouve l'usage;The sight of one eye;Vue d'un œil;Fonctions & sens;20;89,60975609756098;100,0;18,107840910473683;41;18
My Gratitude;Gratitude si on en retrouve l'usage;Index finger;Index;Bras & mains;21;88,3170731707317;97,0;20,321711326055002;41;19
My Gratitude;Gratitude si on en retrouve l'usage;The hearing in one ear;Ouïe d'une oreille;Fonctions & sens;22;88,29268292682927;99,0;19,64082979718401;41;20
My Gratitude;Gratitude si on en retrouve l'usage;Genitals;Parties génitales;Visage, dents & intimité;19;88,17073170731707;100,0;24,360729093178215;41;21
My Gratitude;Gratitude si on en retrouve l'usage;All ten toes;Les 10 orteils;Jambes & pieds;18;86,82926829268293;100,0;23,139687161913393;41;22
My Gratitude;Gratitude si on en retrouve l'usage;Middle finger;Majeur;Bras & mains;23;86,29268292682927;95,0;21,984362513431023;41;23
My Gratitude;Gratitude si on en retrouve l'usage;Ring finger;Annulaire;Bras & mains;25;83,34146341463415;95,0;24,52713778256399;41;24
My Gratitude;Gratitude si on en retrouve l'usage;Little finger;Auriculaire;Bras & mains;26;81,07317073170732;95,0;25,907904434653183;41;25
My Gratitude;Gratitude si on en retrouve l'usage;Third toe;3e orteil;Jambes & pieds;28;79,36585365853658;86,0;28,264603391486826;41;26
My Gratitude;Gratitude si on en retrouve l'usage;Fourth toe;4e orteil;Jambes & pieds;30;78,2439024390244;87,0;28,550639649406175;41;27
My Gratitude;Gratitude si on en retrouve l'usage;Big toe;Gros orteil;Jambes & pieds;24;78,14634146341463;90,0;27,859972160439927;41;28
My Gratitude;Gratitude si on en retrouve l'usage;One front tooth;Incisive;Visage, dents & intimité;29;77,95121951219512;88,0;28,295716300804433;41;29
My Gratitude;Gratitude si on en retrouve l'usage;Fifth or little toe;Petit orteil;Jambes & pieds;31;77,6829268292683;85,0;27,557611493369887;41;30
My Gratitude;Gratitude si on en retrouve l'usage;Second toe;2e orteil;Jambes & pieds;27;77,36585365853658;91,0;29,97645417453587;41;31
My Gratitude;Gratitude si on en retrouve l'usage;One canine tooth;Canine;Visage, dents & intimité;32;75,58536585365853;83,0;27,946355406167097;41;32
My Gratitude;Gratitude si on en retrouve l'usage;One molar tooth;Molaire;Visage, dents & intimité;33;70,21951219512195;76,0;29,838324513217856;41;33
My Gratitude;Gratitude si on en retrouve l'usage;One big toenail;Ongle de pied;Jambes & pieds;34;66,02439024390245;72,0;31,365177988398255;41;34
My Gratitude;Gratitude si on en retrouve l'usage;One fingernail;Ongle de main;Bras & mains;35;64,4390243902439;70,0;29,313860868612824;41;35
Price;Prix sur le marché;Total paralysis;Motricité globale;Fonctions & sens;1;8,19047619047619;9,0;2,297804840447755;42;1
Price;Prix sur le marché;Imbecility or total mental deficiency;Capacités mentales;Fonctions & sens;2;8,095238095238095;9,0;2,0813870118619224;42;2
Price;Prix sur le marché;The sight of both eyes;Vue des 2 yeux;Fonctions & sens;3;8,047619047619047;8,0;1,738409434952186;42;3
Price;Prix sur le marché;Total disfigurement of face;Visage;Visage, dents & intimité;13;7,976190476190476;8,0;1,745909438576916;42;4
Price;Prix sur le marché;Both arms;Les 2 bras;Bras & mains;4;7,833333333333333;8,0;1,8988657290368294;42;5
Price;Prix sur le marché;Both legs;Les 2 jambes;Jambes & pieds;5;7,785714285714286;8,0;1,9322136210450225;42;6
Price;Prix sur le marché;The ability to speak and chew;Parole et mastication;Fonctions & sens;7;7,619047619047619;8,0;2,0595095432293413;42;7
Price;Prix sur le marché;Both hands;Les 2 mains;Bras & mains;6;7,380952380952381;8,0;1,9121228268587225;42;8
Price;Prix sur le marché;Both feet;Les 2 pieds;Jambes & pieds;8;7,119047619047619;7,0;1,850542187555048;42;9
Price;Prix sur le marché;The hearing in both ears;Ouïe des 2 oreilles;Fonctions & sens;9;7,0;7,0;2,1640071232018374;42;10
Price;Prix sur le marché;The sight of one eye;Vue d'un œil;Fonctions & sens;20;6,9523809523809526;7,0;1,7936525066885978;42;11
Price;Prix sur le marché;Genitals;Parties génitales;Visage, dents & intimité;19;6,666666666666667;6,5;2,281063794048804;42;12
Price;Prix sur le marché;One arm;Bras;Bras & mains;11;6,404761904761905;6,0;1,795108853408764;42;13
Price;Prix sur le marché;The hearing in one ear;Ouïe d'une oreille;Fonctions & sens;22;6,404761904761905;7,0;1,9638131624596933;42;14
Price;Prix sur le marché;One leg;Jambe;Jambes & pieds;12;6,357142857142857;6,0;1,973253208028943;42;15
Price;Prix sur le marché;All ten fingers;Les 10 doigts;Bras & mains;10;6,285714285714286;6,0;2,1559414703774724;42;16
Price;Prix sur le marché;All ten toes;Les 10 orteils;Jambes & pieds;18;6,023809523809524;6,0;2,180714754589122;42;17
Price;Prix sur le marché;One hand;Main;Bras & mains;14;5,928571428571429;6,0;1,9925820623656443;42;18
Price;Prix sur le marché;The nose;Nez;Visage, dents & intimité;17;5,738095238095238;5,0;2,0725796793594795;42;19
Price;Prix sur le marché;One foot;Pied;Jambes & pieds;16;5,5;5,0;2,0272533382784146;42;20
Price;Prix sur le marché;Thumb;Pouce;Bras & mains;15;5,190476190476191;5,0;2,4418914623818613;42;21
Price;Prix sur le marché;Index finger;Index;Bras & mains;21;4,976190476190476;5,0;2,3528715744300075;42;22
Price;Prix sur le marché;Middle finger;Majeur;Bras & mains;23;4,4523809523809526;4,0;1,9153090682564555;42;23
Price;Prix sur le marché;Ring finger;Annulaire;Bras & mains;25;4,190476190476191;4,0;2,0510329965843592;42;24
Price;Prix sur le marché;Big toe;Gros orteil;Jambes & pieds;24;3,7857142857142856;3,0;2,0426634249420093;42;25
Price;Prix sur le marché;Little finger;Auriculaire;Bras & mains;26;3,7857142857142856;3,0;1,8680329328808758;42;26
Price;Prix sur le marché;Second toe;2e orteil;Jambes & pieds;27;3,5476190476190474;3,0;1,850542187555048;42;27
Price;Prix sur le marché;Third toe;3e orteil;Jambes & pieds;28;3,4047619047619047;3,0;1,9513537990956595;42;28
Price;Prix sur le marché;Fourth toe;4e orteil;Jambes & pieds;30;3,261904761904762;3,0;1,9006997916624162;42;29
Price;Prix sur le marché;Fifth or little toe;Petit orteil;Jambes & pieds;31;3,0952380952380953;3,0;2,0696355730762424;42;30
Price;Prix sur le marché;One front tooth;Incisive;Visage, dents & intimité;29;3,0714285714285716;3,0;1,5678610121149466;42;31
Price;Prix sur le marché;One canine tooth;Canine;Visage, dents & intimité;32;2,7142857142857144;3,0;1,3304265643790998;42;32
Price;Prix sur le marché;One molar tooth;Molaire;Visage, dents & intimité;33;2,4761904761904763;2,0;1,468998252304249;42;33
Price;Prix sur le marché;One big toenail;Ongle de pied;Jambes & pieds;34;2,2142857142857144;1,0;2,2796631574638955;42;34
Price;Prix sur le marché;One fingernail;Ongle de main;Bras & mains;35;1,9047619047619047;1,0;1,8187307797596277;42;35
Compensation;Dédommagement à verser;Both legs;Les 2 jambes;Jambes & pieds;5;8,717948717948717;10,0;2,1878698839007518;39;1
Compensation;Dédommagement à verser;Total paralysis;Motricité globale;Fonctions & sens;1;8,692307692307692;10,0;2,2142344067639192;39;2
Compensation;Dédommagement à verser;Both hands;Les 2 mains;Bras & mains;6;8,512820512820513;10,0;2,3493761195575082;39;3
Compensation;Dédommagement à verser;Both arms;Les 2 bras;Bras & mains;4;8,435897435897436;10,0;2,3032570964531236;39;4
Compensation;Dédommagement à verser;Both feet;Les 2 pieds;Jambes & pieds;8;8,435897435897436;10,0;2,2454031614890075;39;5
Compensation;Dédommagement à verser;Imbecility or total mental deficiency;Capacités mentales;Fonctions & sens;2;8,41025641025641;10,0;2,510168255190421;39;6
Compensation;Dédommagement à verser;Total disfigurement of face;Visage;Visage, dents & intimité;13;8,41025641025641;9,0;2,279403762274465;39;7
Compensation;Dédommagement à verser;Genitals;Parties génitales;Visage, dents & intimité;19;8,256410256410257;9,0;2,3137796455827617;39;8
Compensation;Dédommagement à verser;The ability to speak and chew;Parole et mastication;Fonctions & sens;7;8,179487179487179;9,0;2,349376119557509;39;9
Compensation;Dédommagement à verser;The sight of both eyes;Vue des 2 yeux;Fonctions & sens;3;8,128205128205128;9,0;2,6275813090678057;39;10
Compensation;Dédommagement à verser;All ten fingers;Les 10 doigts;Bras & mains;10;7,948717948717949;9,0;2,3502375909986313;39;11
Compensation;Dédommagement à verser;One leg;Jambe;Jambes & pieds;12;7,948717948717949;9,0;2,2354643689107117;39;12
Compensation;Dédommagement à verser;The hearing in both ears;Ouïe des 2 oreilles;Fonctions & sens;9;7,846153846153846;9,0;2,3679711673482666;39;13
Compensation;Dédommagement à verser;One arm;Bras;Bras & mains;11;7,743589743589744;9,0;2,267829343783085;39;14
Compensation;Dédommagement à verser;One foot;Pied;Jambes & pieds;16;7,410256410256411;8,0;2,3699650088239554;39;15
Compensation;Dédommagement à verser;The nose;Nez;Visage, dents & intimité;17;7,384615384615385;8,0;2,423735531596941;39;16
Compensation;Dédommagement à verser;One hand;Main;Bras & mains;14;7,3076923076923075;8,0;2,352533305920575;39;17
Compensation;Dédommagement à verser;The sight of one eye;Vue d'un œil;Fonctions & sens;20;7,256410256410256;8,0;2,3588350014578308;39;18
Compensation;Dédommagement à verser;All ten toes;Les 10 orteils;Jambes & pieds;18;7,0;7,0;2,6056618514708556;39;19
Compensation;Dédommagement à verser;Thumb;Pouce;Bras & mains;15;6,538461538461538;7,0;2,501011940944093;39;20
Compensation;Dédommagement à verser;The hearing in one ear;Ouïe d'une oreille;Fonctions & sens;22;6,3076923076923075;6,0;2,2844306690686365;39;21
Compensation;Dédommagement à verser;Index finger;Index;Bras & mains;21;6,0256410256410255;6,0;2,411454894840779;39;22
Compensation;Dédommagement à verser;Middle finger;Majeur;Bras & mains;23;5,538461538461538;5,0;2,33785950059759;39;23
Compensation;Dédommagement à verser;Ring finger;Annulaire;Bras & mains;25;5,512820512820513;5,0;2,2696138655100606;39;24
Compensation;Dédommagement à verser;Big toe;Gros orteil;Jambes & pieds;24;5,128205128205129;4,0;2,3528201127861226;39;25
Compensation;Dédommagement à verser;Little finger;Auriculaire;Bras & mains;26;5,076923076923077;4,0;2,3326584719068295;39;26
Compensation;Dédommagement à verser;Third toe;3e orteil;Jambes & pieds;28;4,948717948717949;4,0;2,339013714195725;39;27
Compensation;Dédommagement à verser;Fourth toe;4e orteil;Jambes & pieds;30;4,871794871794871;5,0;2,440658746058091;39;28
Compensation;Dédommagement à verser;Fifth or little toe;Petit orteil;Jambes & pieds;31;4,846153846153846;4,0;2,5395654574258577;39;29
Compensation;Dédommagement à verser;Second toe;2e orteil;Jambes & pieds;27;4,769230769230769;4,0;2,2414931402919143;39;30
Compensation;Dédommagement à verser;One front tooth;Incisive;Visage, dents & intimité;29;4,410256410256411;4,0;2,1115964117718677;39;31
Compensation;Dédommagement à verser;One canine tooth;Canine;Visage, dents & intimité;32;4,076923076923077;4,0;2,0050543421512934;39;32
Compensation;Dédommagement à verser;One molar tooth;Molaire;Visage, dents & intimité;33;3,8974358974358974;4,0;2,0874924745514756;39;33
Compensation;Dédommagement à verser;One big toenail;Ongle de pied;Jambes & pieds;34;3,41025641025641;3,0;2,256195548611921;39;34
Compensation;Dédommagement à verser;One fingernail;Ongle de main;Bras & mains;35;3,3333333333333335;3,0;2,3320798638185765;39;35
