partie;groupe;ordre_affiche;Difficulté à s'en passer;Colère si on en perd l'usage;Gratitude si on en retrouve l'usage;Prix sur le marché;Dédommagement à verser
Motricité globale;Fonctions & sens;1;96,225;92,04761904761905;93,63414634146342;8,19047619047619;8,692307692307692
Capacités mentales;Fonctions & sens;2;95,15;92,16666666666667;93,92682926829268;8,095238095238095;8,41025641025641
Vue des 2 yeux;Fonctions & sens;3;93,0;92,64285714285714;93,7560975609756;8,047619047619047;8,128205128205128
Les 2 bras;Bras & mains;4;92,375;91,33333333333333;92,29268292682927;7,833333333333333;8,435897435897436
Les 2 jambes;Jambes & pieds;5;90,875;94,28571428571429;92,53658536585365;7,785714285714286;8,717948717948717
Les 2 mains;Bras & mains;6;87,7;92,02380952380952;93,8780487804878;7,380952380952381;8,512820512820513
Parole et mastication;Fonctions & sens;7;85,525;90,4047619047619;94,8048780487805;7,619047619047619;8,179487179487179
Les 2 pieds;Jambes & pieds;8;85,4;89,07142857142857;90,2439024390244;7,119047619047619;8,435897435897436
Ouïe des 2 oreilles;Fonctions & sens;9;84,975;91,11904761904762;91,51219512195122;7,0;7,846153846153846
Les 10 doigts;Bras & mains;10;82,75;92,54761904761905;91,85365853658537;6,285714285714286;7,948717948717949
Bras;Bras & mains;11;76,525;90,02380952380952;90,04878048780488;6,404761904761905;7,743589743589744
Jambe;Jambes & pieds;12;76,825;91,97619047619048;91,48780487804878;6,357142857142857;7,948717948717949
Visage;Visage, dents & intimité;13;75,325;90,85714285714286;93,41463414634147;7,976190476190476;8,41025641025641
Main;Bras & mains;14;70,425;89,95238095238095;92,36585365853658;5,928571428571429;7,3076923076923075
Pouce;Bras & mains;15;64,85;89,26190476190476;90,39024390243902;5,190476190476191;6,538461538461538
Pied;Jambes & pieds;16;64,35;88,95238095238095;90,65853658536585;5,5;7,410256410256411
Nez;Visage, dents & intimité;17;64,4;90,4047619047619;89,78048780487805;5,738095238095238;7,384615384615385
Les 10 orteils;Jambes & pieds;18;63,5;89,85714285714286;86,82926829268293;6,023809523809524;7,0
Parties génitales;Visage, dents & intimité;19;63,35;91,69047619047619;88,17073170731707;6,666666666666667;8,256410256410257
Vue d'un œil;Fonctions & sens;20;63,425;87,52380952380952;89,60975609756098;6,9523809523809526;7,256410256410256
Index;Bras & mains;21;54,55;88,28571428571429;88,3170731707317;4,976190476190476;6,0256410256410255
Ouïe d'une oreille;Fonctions & sens;22;51,75;86,66666666666667;88,29268292682927;6,404761904761905;6,3076923076923075
Majeur;Bras & mains;23;44,075;87,9047619047619;86,29268292682927;4,4523809523809526;5,538461538461538
Gros orteil;Jambes & pieds;24;40,6;81,47619047619048;78,14634146341463;3,7857142857142856;5,128205128205129
Annulaire;Bras & mains;25;38,6;86,76190476190476;83,34146341463415;4,190476190476191;5,512820512820513
Auriculaire;Bras & mains;26;34,825;86,83333333333333;81,07317073170732;3,7857142857142856;5,076923076923077
2e orteil;Jambes & pieds;27;29,9;81,28571428571429;77,36585365853658;3,5476190476190474;4,769230769230769
3e orteil;Jambes & pieds;28;24,7;77,28571428571429;79,36585365853658;3,4047619047619047;4,948717948717949
Incisive;Visage, dents & intimité;29;22,95;80,28571428571429;77,95121951219512;3,0714285714285716;4,410256410256411
4e orteil;Jambes & pieds;30;23,6;77,19047619047619;78,2439024390244;3,261904761904762;4,871794871794871
Petit orteil;Jambes & pieds;31;20,95;79,5;77,6829268292683;3,0952380952380953;4,846153846153846
Canine;Visage, dents & intimité;32;19,925;78,02380952380952;75,58536585365853;2,7142857142857144;4,076923076923077
Molaire;Visage, dents & intimité;33;16,15;72,61904761904762;70,21951219512195;2,4761904761904763;3,8974358974358974
Ongle de pied;Jambes & pieds;34;12,975;60,833333333333336;66,02439024390245;2,2142857142857144;3,41025641025641
Ongle de main;Bras & mains;35;12,175;59,76190476190476;64,4390243902439;1,9047619047619047;3,3333333333333335
